/home/sujiya/SpTRSV_Gpu/matrix/0.mtx, 80016, 235029, 2.94, 3, 26672.00, 0.08, 0.38, 1.25, 11.76
/home/sujiya/SpTRSV_Gpu/matrix/100.mtx, 149842, 513974, 3.43, 27, 5549.70, 0.08, 0.74, 1.39, 12.42
/home/sujiya/SpTRSV_Gpu/matrix/101.mtx, 41550, 106092, 2.55, 117, 355.13, 0.03, 0.42, 0.50, 5.00
/home/sujiya/SpTRSV_Gpu/matrix/102.mtx, 451554, 1533786, 3.40, 25, 18062.16, 0.21, 1.55, 1.98, 17.74
/home/sujiya/SpTRSV_Gpu/matrix/103.mtx, 428440, 1272922, 2.97, 17, 25202.35, 0.20, 1.08, 2.36, 22.07
/home/sujiya/SpTRSV_Gpu/matrix/104.mtx, 267071, 907929, 3.40, 24, 11127.96, 0.10, 1.03, 1.77, 15.81
/home/sujiya/SpTRSV_Gpu/matrix/105.mtx, 6686493, 13700471, 2.05, 2977, 2246.05, 3.00, 134.57, 0.20, 2.22
/home/sujiya/SpTRSV_Gpu/matrix/106.mtx, 46502, 160990, 3.46, 26, 1788.54, 0.32, 0.97, 0.33, 2.94
/home/sujiya/SpTRSV_Gpu/matrix/107.mtx, 2063494, 8545814, 4.14, 17, 121382.00, 0.99, 5.49, 3.11, 26.17
/home/sujiya/SpTRSV_Gpu/matrix/108.mtx, 55042369, 113651169, 2.06, 91, 604861.20, 24.01, 136.03, 1.67, 18.12
/home/sujiya/SpTRSV_Gpu/matrix/109.mtx, 330751, 782983, 2.37, 11, 30068.27, 0.12, 0.83, 1.88, 19.26
/home/sujiya/SpTRSV_Gpu/matrix/10.mtx, 11950757, 24662360, 2.06, 4283, 2790.28, 5.35, 274.15, 0.18, 1.95
/home/sujiya/SpTRSV_Gpu/matrix/110.mtx, 238600, 799499, 3.35, 27, 8837.04, 0.10, 0.96, 1.67, 14.97
/home/sujiya/SpTRSV_Gpu/matrix/111.mtx, 161672, 555561, 3.44, 25, 6466.88, 0.07, 0.75, 1.49, 13.27
/home/sujiya/SpTRSV_Gpu/matrix/112.mtx, 204447, 694764, 3.40, 26, 7863.35, 0.08, 0.79, 1.75, 15.68
/home/sujiya/SpTRSV_Gpu/matrix/113.mtx, 399130, 864042, 2.16, 36, 11086.94, 0.15, 1.09, 1.58, 16.83
/home/sujiya/SpTRSV_Gpu/matrix/114.mtx, 440020, 3000060, 6.82, 2, 220010.00, 0.22, 1.13, 5.30, 39.60
/home/sujiya/SpTRSV_Gpu/matrix/115.mtx, 801374, 2547537, 3.18, 1158, 692.03, 0.45, 2.74, 1.86, 17.00
/home/sujiya/SpTRSV_Gpu/matrix/116.mtx, 87936, 337449, 3.84, 57, 1542.74, 0.05, 0.39, 1.75, 15.04
/home/sujiya/SpTRSV_Gpu/matrix/117.mtx, 256000, 1011200, 3.95, 198, 1292.93, 0.10, 6.25, 0.32, 2.76
/home/sujiya/SpTRSV_Gpu/matrix/118.mtx, 534388, 1088904, 2.04, 9, 59376.44, 0.33, 1.47, 1.48, 16.16
/home/sujiya/SpTRSV_Gpu/matrix/119.mtx, 105127, 243495, 2.32, 14, 7509.07, 0.05, 0.28, 1.75, 18.07
/home/sujiya/SpTRSV_Gpu/matrix/11.mtx, 99190, 339040, 3.42, 26, 3815.00, 0.05, 0.34, 2.00, 17.86
/home/sujiya/SpTRSV_Gpu/matrix/120.mtx, 52260, 187794, 3.59, 22, 2375.45, 0.03, 0.15, 2.43, 21.36
/home/sujiya/SpTRSV_Gpu/matrix/121.mtx, 109460, 273647, 2.50, 479, 228.52, 0.05, 1.31, 0.42, 4.18
/home/sujiya/SpTRSV_Gpu/matrix/122.mtx, 114599, 234265, 2.04, 427, 268.38, 0.05, 1.06, 0.44, 4.80
/home/sujiya/SpTRSV_Gpu/matrix/123.mtx, 200200, 586229, 2.93, 8, 25025.00, 0.08, 0.51, 2.30, 21.68
/home/sujiya/SpTRSV_Gpu/matrix/124.mtx, 3501776, 14003712, 4.00, 2221, 1576.67, 1.64, 11.94, 2.34, 19.93
/home/sujiya/SpTRSV_Gpu/matrix/125.mtx, 157508, 545813, 3.47, 27, 5833.63, 0.07, 0.51, 2.15, 19.08
/home/sujiya/SpTRSV_Gpu/matrix/126.mtx, 38434, 129947, 3.38, 25, 1537.36, 0.03, 0.12, 2.19, 19.64
/home/sujiya/SpTRSV_Gpu/matrix/127.mtx, 389874, 1323431, 3.39, 31, 12576.58, 0.19, 1.16, 2.28, 20.43
/home/sujiya/SpTRSV_Gpu/matrix/128.mtx, 525825, 1051137, 2.00, 1025, 513.00, 0.32, 2.71, 0.78, 8.54
/home/sujiya/SpTRSV_Gpu/matrix/129.mtx, 145247, 495436, 3.41, 24, 6051.96, 0.06, 0.51, 1.95, 17.44
/home/sujiya/SpTRSV_Gpu/matrix/12.mtx, 321821, 1478630, 4.59, 86, 3742.10, 0.48, 7.68, 0.39, 3.15
/home/sujiya/SpTRSV_Gpu/matrix/130.mtx, 69518, 237256, 3.41, 23, 3022.52, 0.04, 0.26, 1.84, 16.44
/home/sujiya/SpTRSV_Gpu/matrix/131.mtx, 2707524, 8188837, 3.02, 300, 9025.08, 1.28, 12.70, 1.29, 12.00
/home/sujiya/SpTRSV_Gpu/matrix/132.mtx, 329885, 1118930, 3.39, 24, 13745.21, 0.15, 1.22, 1.84, 16.48
/home/sujiya/SpTRSV_Gpu/matrix/133.mtx, 51975, 174676, 3.36, 8, 6496.88, 0.03, 0.14, 2.53, 22.68
/home/sujiya/SpTRSV_Gpu/matrix/134.mtx, 135135, 407743, 3.02, 10, 13513.50, 0.06, 0.35, 2.34, 21.75
/home/sujiya/SpTRSV_Gpu/matrix/135.mtx, 259777, 873328, 3.36, 25, 10391.08, 0.10, 1.01, 1.72, 15.45
/home/sujiya/SpTRSV_Gpu/matrix/136.mtx, 343565, 1171849, 3.41, 27, 12724.63, 0.15, 1.34, 1.75, 15.62
/home/sujiya/SpTRSV_Gpu/matrix/137.mtx, 65536, 164497, 2.51, 9, 7281.78, 0.04, 0.16, 2.03, 20.24
/home/sujiya/SpTRSV_Gpu/matrix/138.mtx, 63240, 110245, 1.74, 8, 7905.00, 0.04, 0.15, 1.43, 16.79
/home/sujiya/SpTRSV_Gpu/matrix/139.mtx, 171778, 591768, 3.44, 31, 5541.23, 0.07, 0.74, 1.59, 14.15
/home/sujiya/SpTRSV_Gpu/matrix/13.mtx, 321671, 1074739, 3.34, 35, 9190.60, 0.14, 1.06, 2.04, 18.31
/home/sujiya/SpTRSV_Gpu/matrix/140.mtx, 132288, 451622, 3.41, 39, 3392.00, 0.06, 0.55, 1.64, 14.61
/home/sujiya/SpTRSV_Gpu/matrix/141.mtx, 132402, 730532, 5.52, 9, 14711.33, 0.06, 0.35, 4.20, 32.80
/home/sujiya/SpTRSV_Gpu/matrix/142.mtx, 69235, 348391, 5.03, 9, 7692.78, 0.04, 0.19, 3.76, 30.07
/home/sujiya/SpTRSV_Gpu/matrix/143.mtx, 25605, 112564, 4.40, 9, 2845.00, 0.03, 0.07, 3.05, 25.25
/home/sujiya/SpTRSV_Gpu/matrix/144.mtx, 51813, 178257, 3.44, 5, 10362.60, 0.04, 0.20, 1.81, 16.11
/home/sujiya/SpTRSV_Gpu/matrix/145.mtx, 104115, 435612, 4.18, 8, 13014.38, 0.06, 0.38, 2.29, 19.25
/home/sujiya/SpTRSV_Gpu/matrix/146.mtx, 163215, 829549, 5.08, 11, 14837.73, 0.09, 0.53, 3.14, 25.01
/home/sujiya/SpTRSV_Gpu/matrix/147.mtx, 186558, 1087730, 5.83, 10, 18655.80, 0.09, 0.57, 3.82, 29.48
/home/sujiya/SpTRSV_Gpu/matrix/148.mtx, 288987, 997297, 3.45, 28, 10320.96, 0.11, 1.14, 1.75, 15.58
/home/sujiya/SpTRSV_Gpu/matrix/149.mtx, 50000, 199984, 4.00, 25, 2000.00, 0.03, 0.16, 2.53, 21.51
/home/sujiya/SpTRSV_Gpu/matrix/14.mtx, 682712, 1505944, 2.21, 49, 13932.90, 0.38, 2.01, 1.50, 15.77
/home/sujiya/SpTRSV_Gpu/matrix/150.mtx, 75000, 299982, 4.00, 25, 3000.00, 0.04, 0.21, 2.83, 24.08
/home/sujiya/SpTRSV_Gpu/matrix/151.mtx, 62500, 249983, 4.00, 25, 2500.00, 0.04, 0.17, 2.86, 24.33
/home/sujiya/SpTRSV_Gpu/matrix/152.mtx, 87500, 349981, 4.00, 25, 3500.00, 0.05, 0.24, 2.87, 24.39
/home/sujiya/SpTRSV_Gpu/matrix/153.mtx, 133769, 446742, 3.34, 25, 5350.76, 0.08, 0.61, 1.46, 13.11
/home/sujiya/SpTRSV_Gpu/matrix/154.mtx, 193352, 650279, 3.36, 27, 7161.19, 0.08, 0.78, 1.67, 14.98
/home/sujiya/SpTRSV_Gpu/matrix/155.mtx, 479119, 479119, 1.00, 1, 479119.00, 0.16, 1.13, 0.85, 13.60
/home/sujiya/SpTRSV_Gpu/matrix/156.mtx, 131581, 131581, 1.00, 1, 131581.00, 0.06, 0.31, 0.85, 13.53
/home/sujiya/SpTRSV_Gpu/matrix/157.mtx, 132568, 132568, 1.00, 1, 132568.00, 0.06, 0.31, 0.85, 13.53
/home/sujiya/SpTRSV_Gpu/matrix/158.mtx, 2216688, 4657926, 2.10, 177, 12523.66, 1.07, 9.68, 0.96, 10.35
/home/sujiya/SpTRSV_Gpu/matrix/159.mtx, 48837, 166112, 3.40, 19, 2570.37, 0.03, 0.18, 1.84, 16.48
/home/sujiya/SpTRSV_Gpu/matrix/15.mtx, 1270432, 5042656, 3.97, 352, 3609.18, 0.65, 31.80, 0.32, 2.70
/home/sujiya/SpTRSV_Gpu/matrix/160.mtx, 169588, 584544, 3.45, 24, 7066.17, 0.07, 0.56, 2.10, 18.68
/home/sujiya/SpTRSV_Gpu/matrix/161.mtx, 4163763, 16651739, 4.00, 2767, 1504.79, 1.93, 13.51, 2.47, 20.96
/home/sujiya/SpTRSV_Gpu/matrix/162.mtx, 168609, 584094, 3.46, 25, 6744.36, 0.08, 0.60, 1.94, 17.22
/home/sujiya/SpTRSV_Gpu/matrix/163.mtx, 325729, 783757, 2.41, 275, 1184.47, 0.12, 1.28, 1.23, 12.48
/home/sujiya/SpTRSV_Gpu/matrix/164.mtx, 84538, 293037, 3.47, 30, 2817.93, 0.04, 0.31, 1.90, 16.89
/home/sujiya/SpTRSV_Gpu/matrix/165.mtx, 414604, 1535651, 3.70, 96, 4318.79, 0.66, 2.24, 1.37, 11.93
/home/sujiya/SpTRSV_Gpu/matrix/166.mtx, 350169, 1204941, 3.44, 30, 11672.30, 0.16, 1.22, 1.98, 17.65
/home/sujiya/SpTRSV_Gpu/matrix/167.mtx, 365344, 1249464, 3.42, 26, 14051.69, 0.18, 1.35, 1.85, 16.53
/home/sujiya/SpTRSV_Gpu/matrix/168.mtx, 269118, 906192, 3.37, 23, 11700.78, 0.10, 1.03, 1.76, 15.76
/home/sujiya/SpTRSV_Gpu/matrix/169.mtx, 85567, 252384, 2.95, 173, 494.61, 0.04, 0.64, 0.79, 7.40
/home/sujiya/SpTRSV_Gpu/matrix/16.mtx, 1270432, 5042656, 3.97, 352, 3609.18, 0.65, 31.81, 0.32, 2.70
/home/sujiya/SpTRSV_Gpu/matrix/170.mtx, 196621, 686377, 3.49, 29, 6780.03, 0.08, 0.70, 1.95, 17.30
/home/sujiya/SpTRSV_Gpu/matrix/171.mtx, 62586, 133528, 2.13, 24, 2607.75, 0.04, 0.17, 1.62, 17.26
/home/sujiya/SpTRSV_Gpu/matrix/172.mtx, 421545, 1450776, 3.44, 29, 14536.03, 0.20, 1.43, 2.02, 18.01
/home/sujiya/SpTRSV_Gpu/matrix/173.mtx, 525825, 2100225, 3.99, 7, 75117.86, 0.32, 1.48, 2.84, 24.16
/home/sujiya/SpTRSV_Gpu/matrix/174.mtx, 156243, 310567, 1.99, 12, 13020.25, 0.06, 0.38, 1.62, 17.87
/home/sujiya/SpTRSV_Gpu/matrix/175.mtx, 66844, 131929, 1.97, 11, 6076.73, 0.04, 0.17, 1.57, 17.43
/home/sujiya/SpTRSV_Gpu/matrix/176.mtx, 83060, 164317, 1.98, 9, 9228.89, 0.04, 0.21, 1.59, 17.56
/home/sujiya/SpTRSV_Gpu/matrix/177.mtx, 99431, 195951, 1.97, 10, 9943.10, 0.06, 0.34, 1.16, 12.83
/home/sujiya/SpTRSV_Gpu/matrix/178.mtx, 114944, 227096, 1.98, 10, 11494.40, 0.07, 0.39, 1.17, 12.92
/home/sujiya/SpTRSV_Gpu/matrix/179.mtx, 129181, 255326, 1.98, 10, 12918.10, 0.07, 0.44, 1.17, 12.97
/home/sujiya/SpTRSV_Gpu/matrix/17.mtx, 1489752, 5904756, 3.96, 432, 3448.50, 0.75, 48.19, 0.25, 2.09
/home/sujiya/SpTRSV_Gpu/matrix/180.mtx, 142823, 283381, 1.98, 11, 12983.91, 0.06, 0.35, 1.61, 17.76
/home/sujiya/SpTRSV_Gpu/matrix/181.mtx, 263743, 783512, 2.97, 213, 1238.23, 0.10, 1.18, 1.33, 12.42
/home/sujiya/SpTRSV_Gpu/matrix/182.mtx, 94294, 319864, 3.39, 42, 2245.10, 0.05, 0.51, 1.27, 11.32
/home/sujiya/SpTRSV_Gpu/matrix/183.mtx, 411676, 1277619, 3.10, 22, 18712.55, 0.20, 1.35, 1.89, 17.44
/home/sujiya/SpTRSV_Gpu/matrix/184.mtx, 39899, 120017, 3.01, 23, 1734.74, 0.03, 0.16, 1.47, 13.73
/home/sujiya/SpTRSV_Gpu/matrix/185.mtx, 110355, 335928, 3.04, 29, 3805.34, 0.05, 0.45, 1.49, 13.82
/home/sujiya/SpTRSV_Gpu/matrix/186.mtx, 358172, 1154867, 3.22, 29, 12350.76, 0.16, 1.25, 1.84, 16.78
/home/sujiya/SpTRSV_Gpu/matrix/187.mtx, 51032, 151650, 2.97, 23, 2218.78, 0.03, 0.19, 1.59, 14.89
/home/sujiya/SpTRSV_Gpu/matrix/188.mtx, 643994, 3146703, 4.89, 44, 14636.23, 0.38, 2.34, 2.69, 21.61
/home/sujiya/SpTRSV_Gpu/matrix/189.mtx, 643994, 3418851, 5.31, 112, 5749.95, 0.37, 3.37, 2.03, 16.00
/home/sujiya/SpTRSV_Gpu/matrix/18.mtx, 1489752, 5904756, 3.96, 432, 3448.50, 0.75, 48.17, 0.25, 2.09
/home/sujiya/SpTRSV_Gpu/matrix/190.mtx, 4690002, 12503753, 2.67, 2502, 1874.50, 2.16, 120.02, 0.21, 2.03
/home/sujiya/SpTRSV_Gpu/matrix/191.mtx, 274669, 1370457, 4.99, 23, 11942.13, 2.37, 3.00, 0.91, 7.32
/home/sujiya/SpTRSV_Gpu/matrix/192.mtx, 549336, 2741682, 4.99, 19, 28912.42, 2.49, 3.66, 1.50, 11.98
/home/sujiya/SpTRSV_Gpu/matrix/193.mtx, 58866, 113530, 1.93, 54, 1090.11, 2.24, 2.45, 0.09, 1.04
/home/sujiya/SpTRSV_Gpu/matrix/194.mtx, 14081816, 31015229, 2.20, 59, 238674.85, 14.01, 61.42, 1.01, 10.64
/home/sujiya/SpTRSV_Gpu/matrix/195.mtx, 1971281, 4737888, 2.40, 364, 5415.61, 0.96, 13.72, 0.69, 7.02
/home/sujiya/SpTRSV_Gpu/matrix/196.mtx, 1090920, 2632818, 2.41, 472, 2311.27, 0.57, 8.26, 0.64, 6.47
/home/sujiya/SpTRSV_Gpu/matrix/197.mtx, 1393383, 3315043, 2.38, 344, 4050.53, 0.70, 9.45, 0.70, 7.16
/home/sujiya/SpTRSV_Gpu/matrix/198.mtx, 23947347, 52801659, 2.20, 77, 311004.51, 10.60, 75.88, 1.39, 14.66
/home/sujiya/SpTRSV_Gpu/matrix/199.mtx, 109900, 329435, 3.00, 15, 7326.67, 0.19, 0.47, 1.39, 13.00
/home/sujiya/SpTRSV_Gpu/matrix/19.mtx, 241666, 839713, 3.47, 26, 9294.85, 2.45, 3.05, 0.55, 4.89
/home/sujiya/SpTRSV_Gpu/matrix/1.mtx, 80016, 231123, 2.89, 3, 26672.00, 2.37, 2.61, 0.18, 1.67
/home/sujiya/SpTRSV_Gpu/matrix/200.mtx, 181908, 628488, 3.45, 27, 6737.33, 2.41, 2.99, 0.42, 3.74
/home/sujiya/SpTRSV_Gpu/matrix/201.mtx, 88360, 293721, 3.32, 25, 3534.40, 2.35, 2.71, 0.22, 1.95
/home/sujiya/SpTRSV_Gpu/matrix/202.mtx, 246077, 490771, 1.99, 9, 27341.89, 2.44, 2.95, 0.33, 3.67
/home/sujiya/SpTRSV_Gpu/matrix/203.mtx, 200200, 589261, 2.94, 8, 25025.00, 2.30, 2.74, 0.43, 4.04
/home/sujiya/SpTRSV_Gpu/matrix/204.mtx, 62729, 108440, 1.73, 8, 7841.12, 2.24, 2.40, 0.09, 1.06
/home/sujiya/SpTRSV_Gpu/matrix/205.mtx, 205282, 525873, 2.56, 147, 1396.48, 2.32, 7.45, 0.14, 1.40
/home/sujiya/SpTRSV_Gpu/matrix/206.mtx, 281903, 1463032, 5.19, 52, 5421.21, 2.62, 3.57, 0.82, 6.50
/home/sujiya/SpTRSV_Gpu/matrix/207.mtx, 29089, 111535, 3.83, 29, 1003.07, 2.25, 2.39, 0.09, 0.80
/home/sujiya/SpTRSV_Gpu/matrix/208.mtx, 33841, 129383, 3.82, 24, 1410.04, 2.25, 2.40, 0.11, 0.93
/home/sujiya/SpTRSV_Gpu/matrix/209.mtx, 528185, 739963, 1.40, 6, 88030.83, 2.47, 3.51, 0.42, 5.54
/home/sujiya/SpTRSV_Gpu/matrix/20.mtx, 57735, 195628, 3.39, 6, 9622.50, 2.24, 2.38, 0.16, 1.47
/home/sujiya/SpTRSV_Gpu/matrix/210.mtx, 159316, 193355, 1.21, 40, 3982.90, 2.26, 2.64, 0.15, 2.09
/home/sujiya/SpTRSV_Gpu/matrix/211.mtx, 2601977, 8749554, 3.36, 310, 8393.47, 3.43, 16.39, 1.07, 9.58
/home/sujiya/SpTRSV_Gpu/matrix/212.mtx, 194085, 385198, 1.98, 57, 3405.00, 0.08, 0.54, 1.43, 15.79
/home/sujiya/SpTRSV_Gpu/matrix/213.mtx, 94069, 277281, 2.95, 350, 268.77, 0.05, 0.83, 0.67, 6.30
/home/sujiya/SpTRSV_Gpu/matrix/214.mtx, 240116, 837099, 3.49, 25, 9604.64, 0.09, 0.97, 1.72, 15.29
/home/sujiya/SpTRSV_Gpu/matrix/215.mtx, 142752, 434272, 3.04, 15, 9516.80, 0.67, 2.16, 0.40, 3.74
/home/sujiya/SpTRSV_Gpu/matrix/216.mtx, 116835, 441781, 3.78, 14, 8345.36, 0.05, 0.47, 1.88, 16.25
/home/sujiya/SpTRSV_Gpu/matrix/217.mtx, 116835, 441781, 3.78, 14, 8345.36, 0.05, 0.47, 1.88, 16.25
/home/sujiya/SpTRSV_Gpu/matrix/218.mtx, 178866, 570398, 3.19, 15, 11924.40, 0.07, 0.59, 1.93, 17.61
/home/sujiya/SpTRSV_Gpu/matrix/219.mtx, 914231, 3142367, 3.44, 30, 30474.37, 0.49, 3.34, 1.88, 16.77
/home/sujiya/SpTRSV_Gpu/matrix/21.mtx, 1441295, 2991265, 2.08, 631, 2284.14, 0.72, 8.82, 0.68, 7.34
/home/sujiya/SpTRSV_Gpu/matrix/220.mtx, 129164, 294599, 2.28, 1625, 79.49, 0.06, 3.16, 0.19, 1.94
/home/sujiya/SpTRSV_Gpu/matrix/221.mtx, 126146, 288096, 2.28, 1625, 77.63, 0.06, 3.15, 0.18, 1.90
/home/sujiya/SpTRSV_Gpu/matrix/222.mtx, 115406, 401439, 3.48, 28, 4121.64, 0.05, 0.44, 1.83, 16.22
/home/sujiya/SpTRSV_Gpu/matrix/223.mtx, 285762, 986826, 3.45, 32, 8930.06, 0.11, 1.18, 1.67, 14.86
/home/sujiya/SpTRSV_Gpu/matrix/224.mtx, 4026819, 12081056, 3.00, 1547, 2602.99, 1.87, 28.48, 0.85, 7.92
/home/sujiya/SpTRSV_Gpu/matrix/225.mtx, 32769, 208544, 6.36, 2, 16384.50, 0.03, 0.09, 4.65, 35.24
/home/sujiya/SpTRSV_Gpu/matrix/226.mtx, 32212, 134017, 4.16, 18, 1789.56, 0.03, 0.10, 2.78, 23.34
/home/sujiya/SpTRSV_Gpu/matrix/227.mtx, 32580, 110379, 3.39, 20, 1629.00, 0.03, 0.14, 1.55, 13.88
/home/sujiya/SpTRSV_Gpu/matrix/228.mtx, 195574, 669290, 3.42, 30, 6519.13, 0.11, 0.93, 1.44, 12.81
/home/sujiya/SpTRSV_Gpu/matrix/229.mtx, 201155, 389672, 1.94, 35, 5747.29, 0.09, 0.56, 1.40, 15.62
/home/sujiya/SpTRSV_Gpu/matrix/22.mtx, 40543, 200409, 4.94, 10, 4054.30, 0.03, 0.13, 3.00, 24.08
/home/sujiya/SpTRSV_Gpu/matrix/230.mtx, 352013, 357630, 1.02, 4, 88003.25, 0.12, 0.83, 0.86, 13.60
/home/sujiya/SpTRSV_Gpu/matrix/231.mtx, 9845725, 35662619, 3.62, 2710, 3633.11, 4.40, 86.68, 0.82, 7.21
/home/sujiya/SpTRSV_Gpu/matrix/232.mtx, 1000005, 2348442, 2.35, 512, 1953.13, 0.53, 4.71, 1.00, 10.22
/home/sujiya/SpTRSV_Gpu/matrix/233.mtx, 916428, 3336976, 3.64, 36, 25456.33, 0.51, 2.37, 2.82, 24.64
/home/sujiya/SpTRSV_Gpu/matrix/234.mtx, 325729, 1034319, 3.18, 277, 1175.92, 0.13, 1.46, 1.42, 12.96
/home/sujiya/SpTRSV_Gpu/matrix/235.mtx, 281903, 1413271, 5.01, 57, 4945.67, 0.14, 0.77, 3.69, 29.49
/home/sujiya/SpTRSV_Gpu/matrix/236.mtx, 723605, 1548146, 2.14, 12, 60300.42, 0.41, 1.81, 1.71, 18.22
/home/sujiya/SpTRSV_Gpu/matrix/237.mtx, 253096, 857798, 3.39, 26, 9734.46, 0.10, 0.96, 1.79, 16.03
/home/sujiya/SpTRSV_Gpu/matrix/238.mtx, 2394385, 3072221, 1.28, 515, 4649.29, 1.11, 7.39, 0.83, 11.46
/home/sujiya/SpTRSV_Gpu/matrix/239.mtx, 1140149, 1783012, 1.56, 488, 2336.37, 0.58, 4.40, 0.81, 10.05
/home/sujiya/SpTRSV_Gpu/matrix/23.mtx, 466316, 1076622, 2.31, 2, 233158.00, 0.22, 1.20, 1.80, 18.59
/home/sujiya/SpTRSV_Gpu/matrix/240.mtx, 62032, 183576, 2.96, 13, 4771.69, 0.04, 0.17, 2.22, 20.79
/home/sujiya/SpTRSV_Gpu/matrix/241.mtx, 135218, 466679, 3.45, 25, 5408.72, 0.06, 0.59, 1.59, 14.12
/home/sujiya/SpTRSV_Gpu/matrix/242.mtx, 86204, 299997, 3.48, 26, 3315.54, 0.05, 0.34, 1.77, 15.74
/home/sujiya/SpTRSV_Gpu/matrix/243.mtx, 33861, 103167, 3.05, 3, 11287.00, 0.03, 0.09, 2.31, 21.44
/home/sujiya/SpTRSV_Gpu/matrix/244.mtx, 33861, 103167, 3.05, 3, 11287.00, 0.03, 0.09, 2.32, 21.50
/home/sujiya/SpTRSV_Gpu/matrix/24.mtx, 27607, 110401, 4.00, 2, 13803.50, 0.03, 0.11, 2.00, 16.98
/home/sujiya/SpTRSV_Gpu/matrix/25.mtx, 27792, 112961, 4.06, 2, 13896.00, 0.03, 0.10, 2.16, 18.25
/home/sujiya/SpTRSV_Gpu/matrix/26.mtx, 37833, 221515, 5.86, 2, 18916.50, 0.03, 0.14, 3.24, 25.01
/home/sujiya/SpTRSV_Gpu/matrix/27.mtx, 57975, 294955, 5.09, 2, 28987.50, 0.05, 0.21, 2.86, 22.82
/home/sujiya/SpTRSV_Gpu/matrix/28.mtx, 57975, 294955, 5.09, 2, 28987.50, 0.04, 0.20, 2.91, 23.18
/home/sujiya/SpTRSV_Gpu/matrix/29.mtx, 169422, 724348, 4.28, 2, 84711.00, 0.09, 0.58, 2.49, 20.80
/home/sujiya/SpTRSV_Gpu/matrix/2.mtx, 60008, 170008, 2.83, 3, 20002.67, 0.05, 0.19, 1.80, 17.20
/home/sujiya/SpTRSV_Gpu/matrix/30.mtx, 169422, 724348, 4.28, 2, 84711.00, 0.07, 0.42, 3.44, 28.71
/home/sujiya/SpTRSV_Gpu/matrix/31.mtx, 710145, 2454828, 3.46, 27, 26301.67, 0.40, 2.19, 2.24, 19.95
/home/sujiya/SpTRSV_Gpu/matrix/32.mtx, 345241, 1343126, 3.89, 2, 172620.50, 0.33, 1.08, 2.48, 21.27
/home/sujiya/SpTRSV_Gpu/matrix/33.mtx, 35280, 120009, 3.40, 6, 5880.00, 0.03, 0.10, 2.50, 22.33
/home/sujiya/SpTRSV_Gpu/matrix/34.mtx, 58800, 151475, 2.58, 6, 9800.00, 0.04, 0.15, 1.97, 19.50
/home/sujiya/SpTRSV_Gpu/matrix/35.mtx, 141120, 564618, 4.00, 9, 15680.00, 0.06, 0.36, 3.10, 26.34
/home/sujiya/SpTRSV_Gpu/matrix/36.mtx, 105840, 252337, 2.38, 9, 11760.00, 0.05, 0.28, 1.82, 18.56
/home/sujiya/SpTRSV_Gpu/matrix/37.mtx, 317520, 1143859, 3.60, 8, 39690.00, 0.14, 0.79, 2.89, 25.32
/home/sujiya/SpTRSV_Gpu/matrix/38.mtx, 117600, 275423, 2.34, 8, 14700.00, 0.06, 0.30, 1.82, 18.67
/home/sujiya/SpTRSV_Gpu/matrix/39.mtx, 376320, 1292794, 3.44, 10, 37632.00, 0.23, 1.14, 2.27, 20.19
/home/sujiya/SpTRSV_Gpu/matrix/3.mtx, 69999, 154313, 2.20, 17, 4117.59, 0.04, 0.26, 1.20, 12.60
/home/sujiya/SpTRSV_Gpu/matrix/40.mtx, 80209, 190423, 2.37, 15, 5347.27, 0.07, 0.31, 1.23, 12.52
/home/sujiya/SpTRSV_Gpu/matrix/41.mtx, 5558326, 32542244, 5.85, 18, 308795.89, 2.57, 15.77, 4.13, 31.81
/home/sujiya/SpTRSV_Gpu/matrix/42.mtx, 3523317, 10631719, 3.02, 275, 12812.06, 1.80, 11.85, 1.79, 16.71
/home/sujiya/SpTRSV_Gpu/matrix/43.mtx, 49702, 191814, 3.86, 42, 1183.38, 0.03, 0.20, 1.88, 16.14
/home/sujiya/SpTRSV_Gpu/matrix/44.mtx, 49702, 191814, 3.86, 42, 1183.38, 0.03, 0.20, 1.89, 16.25
/home/sujiya/SpTRSV_Gpu/matrix/45.mtx, 201062, 688349, 3.42, 27, 7446.74, 0.08, 0.76, 1.82, 16.24
/home/sujiya/SpTRSV_Gpu/matrix/46.mtx, 75149, 314227, 4.18, 18, 4174.94, 0.04, 0.20, 3.09, 25.90
/home/sujiya/SpTRSV_Gpu/matrix/47.mtx, 1620991, 1807772, 1.12, 5, 324198.20, 0.77, 3.99, 0.91, 13.57
/home/sujiya/SpTRSV_Gpu/matrix/48.mtx, 664414, 2018189, 3.04, 18, 36911.89, 0.38, 1.67, 2.42, 22.47
/home/sujiya/SpTRSV_Gpu/matrix/49.mtx, 3072441, 15037654, 4.89, 38, 80853.71, 1.46, 7.75, 3.88, 31.22
/home/sujiya/SpTRSV_Gpu/matrix/4.mtx, 6815744, 20440064, 3.00, 4092, 1665.63, 3.08, 69.83, 0.59, 5.46
/home/sujiya/SpTRSV_Gpu/matrix/50.mtx, 1468599, 1468599, 1.00, 1, 1468599.00, 0.70, 3.42, 0.86, 13.76
/home/sujiya/SpTRSV_Gpu/matrix/51.mtx, 1918399, 1918399, 1.00, 1, 1918399.00, 0.89, 4.46, 0.86, 13.76
/home/sujiya/SpTRSV_Gpu/matrix/52.mtx, 80595, 279794, 3.47, 2, 40297.50, 0.04, 0.20, 2.80, 24.86
/home/sujiya/SpTRSV_Gpu/matrix/53.mtx, 180895, 629694, 3.48, 2, 90447.50, 0.07, 0.44, 2.84, 25.18
/home/sujiya/SpTRSV_Gpu/matrix/54.mtx, 67578, 235754, 3.49, 20, 3378.90, 0.04, 0.22, 2.12, 18.84
/home/sujiya/SpTRSV_Gpu/matrix/55.mtx, 50000, 199984, 4.00, 25, 2000.00, 0.03, 0.16, 2.55, 21.66
/home/sujiya/SpTRSV_Gpu/matrix/56.mtx, 389874, 1323431, 3.39, 31, 12576.58, 0.19, 1.15, 2.29, 20.52
/home/sujiya/SpTRSV_Gpu/matrix/57.mtx, 116835, 441781, 3.78, 14, 8345.36, 0.05, 0.47, 1.87, 16.14
/home/sujiya/SpTRSV_Gpu/matrix/58.mtx, 116835, 441781, 3.78, 14, 8345.36, 0.05, 0.47, 1.87, 16.16
/home/sujiya/SpTRSV_Gpu/matrix/59.mtx, 116835, 441781, 3.78, 14, 8345.36, 0.05, 0.47, 1.87, 16.14
/home/sujiya/SpTRSV_Gpu/matrix/5.mtx, 45292, 153841, 3.40, 28, 1617.57, 0.03, 0.21, 1.48, 13.24
/home/sujiya/SpTRSV_Gpu/matrix/60.mtx, 185501, 442214, 2.38, 16, 11593.81, 0.88, 3.00, 0.30, 3.01
/home/sujiya/SpTRSV_Gpu/matrix/61.mtx, 1048576, 4194262, 4.00, 788, 1330.68, 0.55, 11.35, 0.74, 6.28
/home/sujiya/SpTRSV_Gpu/matrix/62.mtx, 2097152, 8388560, 4.00, 1325, 1582.76, 1.01, 28.72, 0.58, 4.97
/home/sujiya/SpTRSV_Gpu/matrix/63.mtx, 4194304, 16777173, 4.00, 1084, 3869.28, 1.93, 44.94, 0.75, 6.35
/home/sujiya/SpTRSV_Gpu/matrix/64.mtx, 8388608, 33554392, 4.00, 2935, 2858.13, 4.06, 116.52, 0.58, 4.90
/home/sujiya/SpTRSV_Gpu/matrix/65.mtx, 16777216, 67108817, 4.00, 2332, 7194.35, 7.49, 180.69, 0.74, 6.31
/home/sujiya/SpTRSV_Gpu/matrix/66.mtx, 295734, 462300, 1.56, 8, 36966.75, 0.11, 0.71, 1.30, 16.08
/home/sujiya/SpTRSV_Gpu/matrix/67.mtx, 343236, 1261826, 3.68, 10, 34323.60, 0.16, 0.84, 3.01, 26.22
/home/sujiya/SpTRSV_Gpu/matrix/68.mtx, 52652, 141690, 2.69, 42, 1253.62, 0.03, 0.22, 1.31, 12.68
/home/sujiya/SpTRSV_Gpu/matrix/69.mtx, 1000000, 2998000, 3.00, 1999, 500.25, 0.54, 130.60, 0.05, 0.43
/home/sujiya/SpTRSV_Gpu/matrix/6.mtx, 252266, 867507, 3.44, 26, 9702.54, 0.10, 0.95, 1.82, 16.21
/home/sujiya/SpTRSV_Gpu/matrix/70.mtx, 999999, 2997995, 3.00, 1999, 500.25, 0.53, 130.76, 0.05, 0.43
/home/sujiya/SpTRSV_Gpu/matrix/71.mtx, 50912018, 104966678, 2.06, 3461, 14710.20, 22.80, 660.80, 0.32, 3.45
/home/sujiya/SpTRSV_Gpu/matrix/72.mtx, 484481, 1657628, 3.42, 31, 15628.42, 0.23, 1.62, 2.05, 18.26
/home/sujiya/SpTRSV_Gpu/matrix/73.mtx, 55081, 115860, 2.10, 30, 1836.03, 0.03, 0.17, 1.36, 14.61
/home/sujiya/SpTRSV_Gpu/matrix/74.mtx, 3428755, 11901587, 3.47, 273, 12559.54, 1.61, 11.37, 2.09, 18.59
/home/sujiya/SpTRSV_Gpu/matrix/75.mtx, 2999349, 13007243, 4.34, 353, 8496.74, 1.43, 25.29, 1.03, 8.54
/home/sujiya/SpTRSV_Gpu/matrix/76.mtx, 2987012, 14804570, 4.96, 324, 9219.17, 1.41, 11.25, 2.63, 21.11
/home/sujiya/SpTRSV_Gpu/matrix/77.mtx, 1585478, 4623152, 2.92, 2594, 611.21, 0.79, 56.27, 0.16, 1.55
/home/sujiya/SpTRSV_Gpu/matrix/78.mtx, 291086, 1000114, 3.44, 24, 12128.58, 0.11, 1.24, 1.61, 14.32
/home/sujiya/SpTRSV_Gpu/matrix/79.mtx, 11548845, 23918026, 2.07, 957, 12067.76, 5.21, 70.99, 0.67, 7.30
/home/sujiya/SpTRSV_Gpu/matrix/7.mtx, 262111, 1042401, 3.98, 51, 5139.43, 0.10, 0.81, 2.57, 21.85
/home/sujiya/SpTRSV_Gpu/matrix/80.mtx, 822922, 4156287, 5.05, 103, 7989.53, 0.46, 2.31, 3.60, 28.75
/home/sujiya/SpTRSV_Gpu/matrix/81.mtx, 349443, 1332516, 3.81, 72, 4853.38, 0.22, 1.17, 2.29, 19.71
/home/sujiya/SpTRSV_Gpu/matrix/82.mtx, 105054, 334410, 3.18, 42, 2501.29, 0.05, 0.31, 2.16, 19.71
/home/sujiya/SpTRSV_Gpu/matrix/83.mtx, 7733822, 15890339, 2.05, 935, 8271.47, 3.50, 52.35, 0.61, 6.60
/home/sujiya/SpTRSV_Gpu/matrix/84.mtx, 1447360, 3032733, 2.10, 13, 111335.38, 0.72, 3.57, 1.70, 18.33
/home/sujiya/SpTRSV_Gpu/matrix/85.mtx, 303645, 1034385, 3.41, 6, 50607.50, 0.11, 0.76, 2.72, 24.31
/home/sujiya/SpTRSV_Gpu/matrix/86.mtx, 105676, 309410, 2.93, 23, 4594.61, 0.05, 0.31, 1.97, 18.57
/home/sujiya/SpTRSV_Gpu/matrix/87.mtx, 392257, 1567096, 4.00, 9, 43584.11, 0.19, 1.48, 2.11, 17.96
/home/sujiya/SpTRSV_Gpu/matrix/88.mtx, 226340, 565431, 2.50, 6, 37723.33, 0.09, 0.57, 1.98, 19.86
/home/sujiya/SpTRSV_Gpu/matrix/89.mtx, 226340, 554881, 2.45, 6, 37723.33, 0.09, 0.57, 1.95, 19.65
/home/sujiya/SpTRSV_Gpu/matrix/8.mtx, 715176, 2766523, 3.87, 664, 1077.07, 0.41, 33.66, 0.16, 1.41
/home/sujiya/SpTRSV_Gpu/matrix/90.mtx, 18318143, 45788224, 2.50, 520, 35227.20, 8.15, 55.68, 1.64, 16.45
/home/sujiya/SpTRSV_Gpu/matrix/91.mtx, 19458087, 48637851, 2.50, 74, 262947.12, 8.66, 56.71, 1.72, 17.15
/home/sujiya/SpTRSV_Gpu/matrix/92.mtx, 21198119, 52988298, 2.50, 108, 196278.88, 20.88, 115.92, 0.91, 9.14
/home/sujiya/SpTRSV_Gpu/matrix/93.mtx, 4588484, 11467617, 2.50, 172, 26677.23, 2.11, 13.71, 1.67, 16.73
/home/sujiya/SpTRSV_Gpu/matrix/94.mtx, 12057441, 30139620, 2.50, 173, 69696.19, 5.40, 37.01, 1.63, 16.29
/home/sujiya/SpTRSV_Gpu/matrix/95.mtx, 16002413, 40001226, 2.50, 110, 145476.48, 7.18, 48.33, 1.66, 16.55
/home/sujiya/SpTRSV_Gpu/matrix/96.mtx, 5824554, 14558077, 2.50, 306, 19034.49, 2.67, 17.71, 1.64, 16.45
/home/sujiya/SpTRSV_Gpu/matrix/97.mtx, 6592765, 16478619, 2.50, 88, 74917.78, 3.01, 19.50, 1.69, 16.90
/home/sujiya/SpTRSV_Gpu/matrix/98.mtx, 7122792, 17803569, 2.50, 82, 86863.32, 3.26, 21.02, 1.69, 16.94
/home/sujiya/SpTRSV_Gpu/matrix/99.mtx, 216007, 726592, 3.36, 21, 10286.05, 0.09, 0.90, 1.61, 14.47
/home/sujiya/SpTRSV_Gpu/matrix/9.mtx, 186211, 638366, 3.43, 28, 6650.39, 0.08, 0.77, 1.66, 14.78
